{"interactors":[{"id":"577","names":{"shortLabel":"P09622","alias":"DLD"},"xref":{"primaryRef":{"refTypeAc":"MI:0356","refType":"identity","id":"P09622","dbAc":"MI:0486","db":"uniprotkb"},"secondaryRef":[{"id":"IPI00015911","db":"ipi"},{"id":"REACT_1046","db":"reactome"},{"id":"REACT_13","db":"reactome"},{"id":"NP_000099.2","dbAc":"MI:0481","db":"refseq"},{"secondary":"regulation of acetyl-CoA biosynthetic process from pyruvate","id":"GO:0010510","dbAc":"MI:0448","db":"go"},{"secondary":"cell redox homeostasis","id":"GO:0045454","dbAc":"MI:0448","db":"go"},{"secondary":"dihydrolipoyl dehydrogenase activity","id":"GO:0004148","dbAc":"MI:0448","db":"go"},{"secondary":"mitochondrial matrix","id":"GO:0005759","dbAc":"MI:0448","db":"go"},{"secondary":"tricarboxylic acid cycle","id":"GO:0006099","dbAc":"MI:0448","db":"go"},{"secondary":"lysine catabolic process","id":"GO:0006554","dbAc":"MI:0448","db":"go"},{"secondary":"branched chain family amino acid catabolic process","id":"GO:0009083","dbAc":"MI:0448","db":"go"},{"secondary":"secondary-ac","id":"Q8WTS4","dbAc":"MI:0486","db":"uniprotkb"},{"secondary":"secondary-ac","id":"Q59EV8","dbAc":"MI:0486","db":"uniprotkb"},{"secondary":"secondary-ac","id":"Q14167","dbAc":"MI:0486","db":"uniprotkb"},{"secondary":"secondary-ac","id":"Q14131","dbAc":"MI:0486","db":"uniprotkb"},{"secondary":"secondary-ac","id":"B2R5X0","dbAc":"MI:0486","db":"uniprotkb"},{"id":"2F5Z","db":"rcsb pdb"},{"id":"1ZY8","db":"rcsb pdb"},{"id":"1ZMD","db":"rcsb pdb"},{"id":"1ZMC","db":"rcsb pdb"},{"secondary":"FAD-dependent pyridine nucleotide-disulphide oxidoreductase","id":"IPR013027","dbAc":"MI:0449","db":"interpro"},{"secondary":"Pyridine nucleotide-disulphide oxidoreductase, class I, active site","id":"IPR012999","dbAc":"MI:0449","db":"interpro"},{"secondary":"Pyridine nucleotide-disulphide oxidoreductase, dimerisation","id":"IPR004099","dbAc":"MI:0449","db":"interpro"},{"secondary":"Dihydrolipoamide dehydrogenase","id":"IPR006258","dbAc":"MI:0449","db":"interpro"},{"secondary":"Pyridine nucleotide-disulphide oxidoreductase, NAD-binding region","id":"IPR001327","dbAc":"MI:0449","db":"interpro"},{"secondary":"FAD\/NAD-linked reductase, dimerisation","id":"IPR016156","dbAc":"MI:0449","db":"interpro"},{"id":"ENSG00000091140","dbAc":"MI:0476","db":"ensembl"}]},"interactorType":{"names":{"shortLabel":"protein","fullName":"protein"},"xref":{"primaryRef":{"refTypeAc":"MI:0356","refType":"identity","id":"MI:0326","dbAc":"MI:0488","db":"psi-mi"}}},"organism":{"ncbiTaxId":"9606","names":{"shortLabel":"Human"}}},{"id":"577","names":{"shortLabel":"P09622","alias":"DLD"},"xref":{"primaryRef":{"refTypeAc":"MI:0356","refType":"identity","id":"P09622","dbAc":"MI:0486","db":"uniprotkb"},"secondaryRef":[{"id":"IPI00015911","db":"ipi"},{"id":"REACT_1046","db":"reactome"},{"id":"REACT_13","db":"reactome"},{"id":"NP_000099.2","dbAc":"MI:0481","db":"refseq"},{"secondary":"regulation of acetyl-CoA biosynthetic process from pyruvate","id":"GO:0010510","dbAc":"MI:0448","db":"go"},{"secondary":"cell redox homeostasis","id":"GO:0045454","dbAc":"MI:0448","db":"go"},{"secondary":"dihydrolipoyl dehydrogenase activity","id":"GO:0004148","dbAc":"MI:0448","db":"go"},{"secondary":"mitochondrial matrix","id":"GO:0005759","dbAc":"MI:0448","db":"go"},{"secondary":"tricarboxylic acid cycle","id":"GO:0006099","dbAc":"MI:0448","db":"go"},{"secondary":"lysine catabolic process","id":"GO:0006554","dbAc":"MI:0448","db":"go"},{"secondary":"branched chain family amino acid catabolic process","id":"GO:0009083","dbAc":"MI:0448","db":"go"},{"secondary":"secondary-ac","id":"Q8WTS4","dbAc":"MI:0486","db":"uniprotkb"},{"secondary":"secondary-ac","id":"Q59EV8","dbAc":"MI:0486","db":"uniprotkb"},{"secondary":"secondary-ac","id":"Q14167","dbAc":"MI:0486","db":"uniprotkb"},{"secondary":"secondary-ac","id":"Q14131","dbAc":"MI:0486","db":"uniprotkb"},{"secondary":"secondary-ac","id":"B2R5X0","dbAc":"MI:0486","db":"uniprotkb"},{"id":"2F5Z","db":"rcsb pdb"},{"id":"1ZY8","db":"rcsb pdb"},{"id":"1ZMD","db":"rcsb pdb"},{"id":"1ZMC","db":"rcsb pdb"},{"secondary":"FAD-dependent pyridine nucleotide-disulphide oxidoreductase","id":"IPR013027","dbAc":"MI:0449","db":"interpro"},{"secondary":"Pyridine nucleotide-disulphide oxidoreductase, class I, active site","id":"IPR012999","dbAc":"MI:0449","db":"interpro"},{"secondary":"Pyridine nucleotide-disulphide oxidoreductase, dimerisation","id":"IPR004099","dbAc":"MI:0449","db":"interpro"},{"secondary":"Dihydrolipoamide dehydrogenase","id":"IPR006258","dbAc":"MI:0449","db":"interpro"},{"secondary":"Pyridine nucleotide-disulphide oxidoreductase, NAD-binding region","id":"IPR001327","dbAc":"MI:0449","db":"interpro"},{"secondary":"FAD\/NAD-linked reductase, dimerisation","id":"IPR016156","dbAc":"MI:0449","db":"interpro"},{"id":"ENSG00000091140","dbAc":"MI:0476","db":"ensembl"}]},"interactorType":{"names":{"shortLabel":"protein","fullName":"protein"},"xref":{"primaryRef":{"refTypeAc":"MI:0356","refType":"identity","id":"MI:0326","dbAc":"MI:0488","db":"psi-mi"}}},"organism":{"ncbiTaxId":"9606","names":{"shortLabel":"Human"}}},{"id":"577","names":{"shortLabel":"P09622","alias":"DLD"},"xref":{"primaryRef":{"refTypeAc":"MI:0356","refType":"identity","id":"P09622","dbAc":"MI:0486","db":"uniprotkb"},"secondaryRef":[{"id":"IPI00015911","db":"ipi"},{"id":"REACT_1046","db":"reactome"},{"id":"REACT_13","db":"reactome"},{"id":"NP_000099.2","dbAc":"MI:0481","db":"refseq"},{"secondary":"regulation of acetyl-CoA biosynthetic process from pyruvate","id":"GO:0010510","dbAc":"MI:0448","db":"go"},{"secondary":"cell redox homeostasis","id":"GO:0045454","dbAc":"MI:0448","db":"go"},{"secondary":"dihydrolipoyl dehydrogenase activity","id":"GO:0004148","dbAc":"MI:0448","db":"go"},{"secondary":"mitochondrial matrix","id":"GO:0005759","dbAc":"MI:0448","db":"go"},{"secondary":"tricarboxylic acid cycle","id":"GO:0006099","dbAc":"MI:0448","db":"go"},{"secondary":"lysine catabolic process","id":"GO:0006554","dbAc":"MI:0448","db":"go"},{"secondary":"branched chain family amino acid catabolic process","id":"GO:0009083","dbAc":"MI:0448","db":"go"},{"secondary":"secondary-ac","id":"Q8WTS4","dbAc":"MI:0486","db":"uniprotkb"},{"secondary":"secondary-ac","id":"Q59EV8","dbAc":"MI:0486","db":"uniprotkb"},{"secondary":"secondary-ac","id":"Q14167","dbAc":"MI:0486","db":"uniprotkb"},{"secondary":"secondary-ac","id":"Q14131","dbAc":"MI:0486","db":"uniprotkb"},{"secondary":"secondary-ac","id":"B2R5X0","dbAc":"MI:0486","db":"uniprotkb"},{"id":"2F5Z","db":"rcsb pdb"},{"id":"1ZY8","db":"rcsb pdb"},{"id":"1ZMD","db":"rcsb pdb"},{"id":"1ZMC","db":"rcsb pdb"},{"secondary":"FAD-dependent pyridine nucleotide-disulphide oxidoreductase","id":"IPR013027","dbAc":"MI:0449","db":"interpro"},{"secondary":"Pyridine nucleotide-disulphide oxidoreductase, class I, active site","id":"IPR012999","dbAc":"MI:0449","db":"interpro"},{"secondary":"Pyridine nucleotide-disulphide oxidoreductase, dimerisation","id":"IPR004099","dbAc":"MI:0449","db":"interpro"},{"secondary":"Dihydrolipoamide dehydrogenase","id":"IPR006258","dbAc":"MI:0449","db":"interpro"},{"secondary":"Pyridine nucleotide-disulphide oxidoreductase, NAD-binding region","id":"IPR001327","dbAc":"MI:0449","db":"interpro"},{"secondary":"FAD\/NAD-linked reductase, dimerisation","id":"IPR016156","dbAc":"MI:0449","db":"interpro"},{"id":"ENSG00000091140","dbAc":"MI:0476","db":"ensembl"}]},"interactorType":{"names":{"shortLabel":"protein","fullName":"protein"},"xref":{"primaryRef":{"refTypeAc":"MI:0356","refType":"identity","id":"MI:0326","dbAc":"MI:0488","db":"psi-mi"}}},"organism":{"ncbiTaxId":"9606","names":{"shortLabel":"Human"}}},{"id":"582","names":{"shortLabel":"O00330","alias":"PDHX"},"xref":{"primaryRef":{"refTypeAc":"MI:0356","refType":"identity","id":"O00330","dbAc":"MI:0486","db":"uniprotkb"},"secondaryRef":[{"id":"IPI00298423","db":"ipi"},{"id":"REACT_1046","db":"reactome"},{"id":"NP_001128496.1","dbAc":"MI:0481","db":"refseq"},{"id":"NP_003468.2","dbAc":"MI:0481","db":"refseq"},{"id":"NP_001159630.1","dbAc":"MI:0481","db":"refseq"},{"secondary":"pyruvate metabolic process","id":"GO:0006090","dbAc":"MI:0448","db":"go"},{"secondary":"acyltransferase activity","id":"GO:0008415","dbAc":"MI:0448","db":"go"},{"secondary":"mitochondrial matrix","id":"GO:0005759","dbAc":"MI:0448","db":"go"},{"secondary":"regulation of acetyl-CoA biosynthetic process from pyruvate","id":"GO:0010510","dbAc":"MI:0448","db":"go"},{"secondary":"secondary-ac","id":"Q99783","dbAc":"MI:0486","db":"uniprotkb"},{"secondary":"secondary-ac","id":"Q96FV8","dbAc":"MI:0486","db":"uniprotkb"},{"secondary":"secondary-ac","id":"O60221","dbAc":"MI:0486","db":"uniprotkb"},{"secondary":"secondary-ac","id":"D3DR11","dbAc":"MI:0486","db":"uniprotkb"},{"id":"2F60","db":"rcsb pdb"},{"id":"2F5Z","db":"rcsb pdb"},{"id":"2DNC","db":"rcsb pdb"},{"id":"1ZY8","db":"rcsb pdb"},{"secondary":"Catalytic domain of components of various dehydrogenase complexes","id":"IPR001078","dbAc":"MI:0449","db":"interpro"},{"secondary":"2-oxo acid dehydrogenase, lipoyl-binding site","id":"IPR003016","dbAc":"MI:0449","db":"interpro"},{"secondary":"E3 binding","id":"IPR004167","dbAc":"MI:0449","db":"interpro"},{"secondary":"Biotin\/lipoyl attachment","id":"IPR000089","dbAc":"MI:0449","db":"interpro"},{"id":"IPR023213","dbAc":"MI:0449","db":"interpro"},{"secondary":"Single hybrid motif","id":"IPR011053","dbAc":"MI:0449","db":"interpro"},{"id":"ENSG00000110435","dbAc":"MI:0476","db":"ensembl"}]},"interactorType":{"names":{"shortLabel":"protein","fullName":"protein"},"xref":{"primaryRef":{"refTypeAc":"MI:0356","refType":"identity","id":"MI:0326","dbAc":"MI:0488","db":"psi-mi"}}},"organism":{"ncbiTaxId":"9606","names":{"shortLabel":"Human"}}}],"interactions":[{"id":"585","names":{"shortLabel":"P09622-P09622-1"},"xref":{"primaryRef":{"refTypeAc":"MI:0356","refType":"identity","id":"EBI-966791","dbAc":"MI:0469","db":"intact"}},"experimentList":{"experimentRef":"586"},"participantList":{"participant":[{"id":"579","interactorRef":"577","biologicalRole":{"names":{"shortLabel":"unspecified role","fullName":"unspecified role"},"xref":{"primaryRef":{"refTypeAc":"MI:0356","refType":"identity","id":"MI:0499","dbAc":"MI:0488","db":"psi-mi"}}},"experimentalRoleList":{"experimentalRole":{"names":{"shortLabel":"neutral component","fullName":"neutral component"},"xref":{"primaryRef":{"refTypeAc":"MI:0356","refType":"identity","id":"MI:0497","dbAc":"MI:0488","db":"psi-mi"}}}}},{"id":"580","interactorRef":"577","biologicalRole":{"names":{"shortLabel":"unspecified role","fullName":"unspecified role"},"xref":{"primaryRef":{"refTypeAc":"MI:0356","refType":"identity","id":"MI:0499","dbAc":"MI:0488","db":"psi-mi"}}},"experimentalRoleList":{"experimentalRole":{"names":{"shortLabel":"neutral component","fullName":"neutral component"},"xref":{"primaryRef":{"refTypeAc":"MI:0356","refType":"identity","id":"MI:0497","dbAc":"MI:0488","db":"psi-mi"}}}}}]},"interactionType":{"names":{"shortLabel":"direct interaction"},"xref":{"primaryRef":{"refTypeAc":"MI:0356","refType":"identity","id":"MI:0407","dbAc":"MI:0488","db":"psi-mi"}}},"modelled":"false","intraMolecular":"false","negative":"false","attributeList":{"attribute":[{"name":"expansion","$":"Spoke"},{"name":"dataset","$":"BioCreative - Critical Assessment of Information Extraction systems in Biology"}]}},{"id":"587","names":{"shortLabel":"P09622-O00330-1"},"xref":{"primaryRef":{"refTypeAc":"MI:0356","refType":"identity","id":"EBI-966791","dbAc":"MI:0469","db":"intact"}},"experimentList":{"experimentRef":"588"},"participantList":{"participant":[{"id":"583","interactorRef":"577","biologicalRole":{"names":{"shortLabel":"unspecified role","fullName":"unspecified role"},"xref":{"primaryRef":{"refTypeAc":"MI:0356","refType":"identity","id":"MI:0499","dbAc":"MI:0488","db":"psi-mi"}}},"experimentalRoleList":{"experimentalRole":{"names":{"shortLabel":"neutral component","fullName":"neutral component"},"xref":{"primaryRef":{"refTypeAc":"MI:0356","refType":"identity","id":"MI:0497","dbAc":"MI:0488","db":"psi-mi"}}}}},{"id":"584","interactorRef":"582","biologicalRole":{"names":{"shortLabel":"unspecified role","fullName":"unspecified role"},"xref":{"primaryRef":{"refTypeAc":"MI:0356","refType":"identity","id":"MI:0499","dbAc":"MI:0488","db":"psi-mi"}}},"experimentalRoleList":{"experimentalRole":{"names":{"shortLabel":"neutral component","fullName":"neutral component"},"xref":{"primaryRef":{"refTypeAc":"MI:0356","refType":"identity","id":"MI:0497","dbAc":"MI:0488","db":"psi-mi"}}}}}]},"interactionType":{"names":{"shortLabel":"direct interaction"},"xref":{"primaryRef":{"refTypeAc":"MI:0356","refType":"identity","id":"MI:0407","dbAc":"MI:0488","db":"psi-mi"}}},"modelled":"false","intraMolecular":"false","negative":"false","attributeList":{"attribute":[{"name":"expansion","$":"Spoke"},{"name":"dataset","$":"BioCreative - Critical Assessment of Information Extraction systems in Biology"}]}}]}